name,country,language,source_type,rss_url,tested_url,rss_free,status,items,error,evidence_url,selection_basis,persisted_status,stored_articles
TechCrunch,Estados Unidos,en,publisher,https://techcrunch.com/feed/,https://techcrunch.com/feed/,sim; ver teste de acesso,ok,20,,https://techcrunch.com/about-techcrunch/,"Startups, investimentos e inovação",ok,37
The Verge,Estados Unidos,en,publisher,https://www.theverge.com/rss/index.xml,https://www.theverge.com/rss/index.xml,sim; ver teste de acesso,ok,10,,https://www.theverge.com/about-the-verge,"Tecnologia, cultura e grandes plataformas",ok,26
WIRED,Estados Unidos,en,publisher,https://www.wired.com/feed/rss,https://www.wired.com/feed/rss,sim; ver teste de acesso,ok,50,,https://www.wired.com/feed/rss,"Tecnologia, ciência e sociedade",ok,59
Ars Technica,Estados Unidos,en,publisher,https://feeds.arstechnica.com/arstechnica/index,https://feeds.arstechnica.com/arstechnica/index,sim; ver teste de acesso,ok,20,,https://arstechnica.com/about-us/,"Análise técnica, ciência e computação",ok,31
Engadget,Estados Unidos,en,publisher,https://www.engadget.com/rss.xml,https://www.engadget.com/rss.xml,sim; ver teste de acesso,ok,20,,https://www.engadget.com/about/,Eletrônicos e tecnologia de consumo,ok,43
CNET,Estados Unidos,en,publisher,https://www.cnet.com/rss/news/,https://www.cnet.com/rss/news/,sim; ver teste de acesso,ok,25,,https://www.ziffdavis.com/brands/technology/cnet,23 milhões de visitantes únicos mensais globais médios; Comscore FY2025 segundo o grupo,ok,34
ZDNET,Estados Unidos,en,publisher,https://www.zdnet.com/news/rss.xml,https://www.zdnet.com/news/rss.xml,sim; ver teste de acesso,ok,25,,https://www.ziffdavis.com/brands/technology/zdnet,"6,4 milhões de visitantes únicos mensais globais médios; Comscore FY2025 segundo o grupo",ok,25
TechRadar,Reino Unido,en,publisher,https://www.techradar.com/rss,https://www.techradar.com/rss,sim; ver teste de acesso,ok,50,,https://futureplc.com/brands/tech/,Até 30 milhões de pessoas por mês segundo a Future; cobertura internacional,ok,96
Tom's Hardware,Estados Unidos,en,publisher,https://www.tomshardware.com/feeds.xml,https://www.tomshardware.com/feeds.xml,sim; ver teste de acesso,ok,50,,https://futureplc.com/brands/tech/,Hardware e computação; marca do portfólio tecnológico internacional da Future,ok,68
VentureBeat,Estados Unidos,en,publisher,https://venturebeat.com/feed,https://venturebeat.com/feed,sim; ver teste de acesso,error,0,invalid_alternative_feeds:http_429,https://venturebeat.com/about,IA e tecnologia para empresas,error,0
Gizmodo,Estados Unidos,en,publisher,https://gizmodo.com/feed,https://gizmodo.com/feed,publicado; acesso bloqueado neste runtime,error,0,"invalid_alternative_feeds:invalid_alternative_feeds:http_403,http_403,robots_unavailable_http_403",https://gizmodo.com/about,Tecnologia de consumo e cultura digital,error,0
Crunchbase News,Estados Unidos,en,publisher,https://news.crunchbase.com/feed/,https://news.crunchbase.com/feed/,sim; ver teste de acesso,ok,10,,https://news.crunchbase.com/about-news/,"Redação sobre startups, capital e negócios; independente da venda de dados do grupo",ok,12
Reddit r/technology,Estados Unidos,en,community,https://www.reddit.com/r/technology/new/.rss?limit=100,https://www.reddit.com/r/technology/new/.rss?limit=100,sim; ver teste de acesso,ok,100,,https://www.reddit.com/r/technology/,"Comunidade de discussão; fonte social, não redação jornalística",ok,100
heise online,Alemanha,de,publisher,https://www.heise.de/rss/heise-atom.xml,https://www.heise.de/rss/heise-atom.xml,sim; ver teste de acesso,ok,151,,https://reachit.heise.de/,"Referência de tecnologia em alemão; 41,3 milhões de visitas divulgadas no portal comercial, métrica não comparável a únicos",ok,193
36Kr,China,zh,publisher,https://36kr.com/feed,https://www.36kr.com/feed,sim; ver teste de acesso,ok,30,,https://36kr.com/pages/about-en,Plataforma chinesa da nova economia; inclui o mercado de tecnologia da China,ok,30
